{"contents":[
    {
        "period":"20240214010710",
        "number":"4",
        "bigSmall":"Big",
        "color":["#ec4cdf"]
    },
    {
        "period":"20240214010710",
        "number":"5",
        "bigSmall":"Small",
        "color":["#ec4cdf","#fd565c"]
    },
    {
        "period":"20240214010710",
        "number":"2",
        "bigSmall":"Big",
        "color":["#fd565c","#47ba7c"]
    },
    {
        "period":"20240214010710",
        "number":"4",
        "bigSmall":"Small",
        "color":["#fd565c"]
    },
    {
        "period":"20240214010710",
        "number":"5",
        "bigSmall":"Small",
        "color":["#fd565c"]
    },
    {
        "period":"20240214010710",
        "number":"3",
        "bigSmall":"Big",
        "color":["#47ba7c"]
    },
    {
        "period":"20240214010710",
        "number":"4",
        "bigSmall":"Big",
        "color":["#47ba7c"]
    },
    {
        "period":"20240214010710",
        "number":"6",
        "bigSmall":"Small",
        "color":["#fd565c"]
    },
    {
        "period":"20240214010710",
        "number":"4",
        "bigSmall":"Small",
        "color":["#ec4cdf"]
    },
    {
        "period":"20240214010710",
        "number":"8",
        "bigSmall":"Small",
        "color":["#fd565c","#47ba7c"]
    }
]}