{"balls":[
    {"nums":"1",
    "ball0":"https://www.bdggame.in/assets/png/n0-30bd92d1.png"},
    {"nums":"2",
    "ball0":"https://www.bdggame.in/assets/png/n1-dfccbff5.png"},
    {"nums":"3",
    "ball0":"https://www.bdggame.in/assets/png/n2-c2913607.png"},
    {"nums":"4",
    "ball0":"https://www.bdggame.in/assets/png/n3-f92c313f.png"},
    {"nums":"5",
    "ball0":"https://www.bdggame.in/assets/png/n4-cb84933b.png"},
    {"nums":"6",
    "ball0":"https://www.bdggame.in/assets/png/n5-49d0e9c5.png"},
    {"nums":"7",
    "ball0":"https://www.bdggame.in/assets/png/n6-a56e0b9a.png"},
    {"nums":"8",
    "ball0":"https://www.bdggame.in/assets/png/n7-5961a17f.png"},
    {"nums":"9",
    "ball0":"https://www.bdggame.in/assets/png/n8-d4d951a4.png"},
    {"nums":"10",
    "ball0":"https://www.bdggame.in/assets/png/n9-a20f6f42.png"}
    
]
}